areaType,areaName,areaCode,date,newCasesByPublishDate,cumCasesByPublishDate
nation,England,E92000001,2020-08-08,679,267324
nation,England,E92000001,2020-08-07,796,266645
nation,England,E92000001,2020-08-06,826,265849
nation,England,E92000001,2020-08-05,804,265023
nation,England,E92000001,2020-08-04,617,264219
nation,England,E92000001,2020-08-03,856,263602
nation,England,E92000001,2020-08-02,676,262746
nation,England,E92000001,2020-08-01,722,262070
nation,England,E92000001,2020-07-31,814,261348
nation,England,E92000001,2020-07-30,812,260534
nation,England,E92000001,2020-07-29,700,259722
nation,England,E92000001,2020-07-28,547,259022
nation,England,E92000001,2020-07-27,616,258475
nation,England,E92000001,2020-07-26,721,257859
nation,England,E92000001,2020-07-25,710,257138
nation,England,E92000001,2020-07-24,688,256428
nation,England,E92000001,2020-07-23,702,255740
nation,England,E92000001,2020-07-22,519,255038
nation,England,E92000001,2020-07-21,399,254519
nation,England,E92000001,2020-07-20,535,254120
nation,England,E92000001,2020-07-19,672,253585
nation,England,E92000001,2020-07-18,796,252913
nation,England,E92000001,2020-07-17,635,252117
nation,England,E92000001,2020-07-16,597,251482
nation,England,E92000001,2020-07-15,506,250885
nation,England,E92000001,2020-07-14,372,250379
nation,England,E92000001,2020-07-13,497,250007
nation,England,E92000001,2020-07-12,615,249510
nation,England,E92000001,2020-07-11,806,248895
nation,England,E92000001,2020-07-10,480,248089
nation,England,E92000001,2020-07-09,617,247609
nation,England,E92000001,2020-07-08,606,246992
nation,England,E92000001,2020-07-07,572,246386
nation,England,E92000001,2020-07-06,331,245814
nation,England,E92000001,2020-07-05,492,245483
nation,England,E92000001,2020-07-04,579,244991
nation,England,E92000001,2020-07-03,502,244412
nation,England,E92000001,2020-07-02,523,243910
nation,England,E92000001,2020-07-01,177,160764
nation,England,E92000001,2020-06-30,196,160587
nation,England,E92000001,2020-06-29,99,160391
nation,England,E92000001,2020-06-28,142,160292
nation,England,E92000001,2020-06-27,192,160150
nation,England,E92000001,2020-06-26,175,159958
nation,England,E92000001,2020-06-25,261,159696
nation,England,E92000001,2020-06-24,107,159435
nation,England,E92000001,2020-06-23,210,159328
nation,England,E92000001,2020-06-22,178,159118
nation,England,E92000001,2020-06-21,215,158940
nation,England,E92000001,2020-06-20,324,158725
nation,England,E92000001,2020-06-19,323,158401
nation,England,E92000001,2020-06-18,281,158078
nation,England,E92000001,2020-06-17,252,157797
nation,England,E92000001,2020-06-16,252,157545
nation,England,E92000001,2020-06-15,219,157293
nation,England,E92000001,2020-06-14,292,157074
nation,England,E92000001,2020-06-13,372,156782
nation,England,E92000001,2020-06-12,392,156410
nation,England,E92000001,2020-06-11,304,156018
nation,England,E92000001,2020-06-10,63,155714
nation,England,E92000001,2020-06-09,651,155651
nation,England,E92000001,2020-06-08,92,155000
nation,England,E92000001,2020-06-07,228,154908
nation,England,E92000001,2020-06-06,422,154680
nation,England,E92000001,2020-06-05,451,154258
nation,England,E92000001,2020-06-04,431,153807
nation,England,E92000001,2020-06-03,462,153376
nation,England,E92000001,2020-06-02,444,152914
nation,England,E92000001,2020-06-01,294,152470
nation,England,E92000001,2020-05-31,320,152176
nation,England,E92000001,2020-05-30,715,151856
nation,England,E92000001,2020-05-29,560,151982
nation,England,E92000001,2020-05-28,519,151422
nation,England,E92000001,2020-05-27,609,150903
nation,England,E92000001,2020-05-26,492,150294
nation,England,E92000001,2020-05-25,494,149802
nation,England,E92000001,2020-05-24,584,149308
nation,England,E92000001,2020-05-23,979,148724
nation,England,E92000001,2020-05-22,1083,147745
nation,England,E92000001,2020-05-21,854,146662
nation,England,E92000001,2020-05-20,824,145808
nation,England,E92000001,2020-05-19,857,145376
nation,England,E92000001,2020-05-18,816,144519
nation,England,E92000001,2020-05-17,788,143703
nation,England,E92000001,2020-05-16,1136,142915
nation,England,E92000001,2020-05-15,1112,141779
nation,England,E92000001,2020-05-14,1189,140667
nation,England,E92000001,2020-05-13,1146,139478
nation,England,E92000001,2020-05-12,1067,138332
nation,England,E92000001,2020-05-11,891,137265
nation,England,E92000001,2020-05-10,1007,136374
nation,England,E92000001,2020-05-09,1349,135367
nation,England,E92000001,2020-05-08,1694,134018
nation,England,E92000001,2020-05-07,2133,132324
nation,England,E92000001,2020-05-06,1611,130191
nation,England,E92000001,2020-05-05,1842,128580
nation,England,E92000001,2020-05-04,1485,126738
nation,England,E92000001,2020-05-03,2019,125253
nation,England,E92000001,2020-05-02,2228,123234
nation,England,E92000001,2020-05-01,2501,121006
nation,England,E92000001,2020-04-30,2484,118343
nation,England,E92000001,2020-04-29,1403,115859
nation,England,E92000001,2020-04-28,1989,114456
nation,England,E92000001,2020-04-27,2264,112467
nation,England,E92000001,2020-04-26,2152,110203
nation,England,E92000001,2020-04-25,2826,108051
nation,England,E92000001,2020-04-24,3004,105225
nation,England,E92000001,2020-04-23,3084,102221
nation,England,E92000001,2020-04-22,3020,99137
nation,England,E92000001,2020-04-21,3087,96117
nation,England,E92000001,2020-04-20,2401,93030
nation,England,E92000001,2020-04-19,3607,90629
nation,England,E92000001,2020-04-18,3548,87022
nation,England,E92000001,2020-04-17,3985,83474
nation,England,E92000001,2020-04-16,3118,79489
nation,England,E92000001,2020-04-15,3188,76371
nation,England,E92000001,2020-04-14,3854,73183
nation,England,E92000001,2020-04-13,2999,69329
nation,England,E92000001,2020-04-12,3672,66330
nation,England,E92000001,2020-04-11,3841,62658
nation,England,E92000001,2020-04-10,4263,58817
nation,England,E92000001,2020-04-09,3798,54554
nation,England,E92000001,2020-04-08,4788,50756
nation,England,E92000001,2020-04-07,2978,45968
nation,England,E92000001,2020-04-06,3176,42990
nation,England,E92000001,2020-04-05,5107,39814
nation,England,E92000001,2020-04-04,2910,34707
nation,England,E92000001,2020-04-03,3576,31797
nation,England,E92000001,2020-04-02,3583,28221
nation,England,E92000001,2020-04-01,3630,24638
nation,England,E92000001,2020-03-31,2414,21008
nation,England,E92000001,2020-03-30,2107,18594
nation,England,E92000001,2020-03-29,2060,16487
nation,England,E92000001,2020-03-28,2139,14427
nation,England,E92000001,2020-03-27,2506,12288
nation,England,E92000001,2020-03-26,1809,9782
nation,England,E92000001,2020-03-25,1130,7973
nation,England,E92000001,2020-03-24,1258,6843
nation,England,E92000001,2020-03-23,793,5585
nation,England,E92000001,2020-03-22,535,4792
nation,England,E92000001,2020-03-21,873,4257
nation,England,E92000001,2020-03-20,628,3384
nation,England,E92000001,2020-03-19,574,2756
nation,England,E92000001,2020-03-18,625,2182
nation,England,E92000001,2020-03-17,361,1557
nation,England,E92000001,2020-03-16,97,1196
nation,England,E92000001,2020-03-15,253,1099
nation,England,E92000001,2020-03-14,201,846
nation,England,E92000001,2020-03-13,159,645
nation,England,E92000001,2020-03-12,99,486
nation,England,E92000001,2020-03-11,63,387
nation,England,E92000001,2020-03-10,46,324
nation,England,E92000001,2020-03-09,40,282
nation,England,E92000001,2020-03-08,58,241
nation,England,E92000001,2020-03-07,39,183
nation,England,E92000001,2020-03-06,39,144
nation,England,E92000001,2020-03-05,25,105
nation,England,E92000001,2020-03-04,32,80
nation,England,E92000001,2020-03-03,11,48
nation,England,E92000001,2020-03-02,4,37
nation,England,E92000001,2020-03-01,12,33
nation,England,E92000001,2020-02-29,3,21
nation,England,E92000001,2020-02-28,5,18
nation,England,E92000001,2020-02-27,0,13
nation,England,E92000001,2020-02-26,0,13
nation,England,E92000001,2020-02-25,0,13
nation,England,E92000001,2020-02-24,4,13
nation,England,E92000001,2020-02-23,0,9
nation,England,E92000001,2020-02-22,0,9
nation,England,E92000001,2020-02-21,0,9
nation,England,E92000001,2020-02-20,0,9
nation,England,E92000001,2020-02-19,0,9
nation,England,E92000001,2020-02-18,0,9
nation,England,E92000001,2020-02-17,0,9
nation,England,E92000001,2020-02-16,0,9
nation,England,E92000001,2020-02-15,0,9
nation,England,E92000001,2020-02-14,0,9
nation,England,E92000001,2020-02-13,1,9
nation,England,E92000001,2020-02-12,0,8
nation,England,E92000001,2020-02-11,0,8
nation,England,E92000001,2020-02-10,4,8
nation,England,E92000001,2020-02-09,1,4
nation,England,E92000001,2020-02-08,0,3
nation,England,E92000001,2020-02-07,0,3
nation,England,E92000001,2020-02-06,1,3
nation,England,E92000001,2020-02-05,0,2
nation,England,E92000001,2020-02-04,0,2
nation,England,E92000001,2020-02-03,0,2
nation,England,E92000001,2020-02-02,0,2
nation,England,E92000001,2020-02-01,0,2
nation,England,E92000001,2020-01-31,2,2
nation,England,E92000001,2020-01-30,0,
nation,England,E92000001,2020-01-29,0,
nation,England,E92000001,2020-01-28,0,
nation,England,E92000001,2020-01-27,0,
nation,England,E92000001,2020-01-26,0,
nation,England,E92000001,2020-01-25,0,
nation,England,E92000001,2020-01-24,0,
nation,England,E92000001,2020-01-23,0,
nation,England,E92000001,2020-01-22,0,
nation,England,E92000001,2020-01-21,0,
nation,England,E92000001,2020-01-20,0,
nation,England,E92000001,2020-01-19,0,
nation,England,E92000001,2020-01-18,0,
nation,England,E92000001,2020-01-17,0,
nation,England,E92000001,2020-01-16,0,
nation,England,E92000001,2020-01-15,0,
nation,England,E92000001,2020-01-14,0,
nation,England,E92000001,2020-01-13,0,
nation,England,E92000001,2020-01-12,0,
nation,England,E92000001,2020-01-11,0,
nation,England,E92000001,2020-01-10,0,
nation,England,E92000001,2020-01-09,0,
nation,England,E92000001,2020-01-08,0,
nation,England,E92000001,2020-01-07,0,
nation,England,E92000001,2020-01-06,0,
nation,Northern Ireland,N92000002,2020-08-08,0,
nation,Northern Ireland,N92000002,2020-08-07,15,6064
nation,Northern Ireland,N92000002,2020-08-06,43,6049
nation,Northern Ireland,N92000002,2020-08-05,10,6006
nation,Northern Ireland,N92000002,2020-08-04,8,5996
nation,Northern Ireland,N92000002,2020-08-03,0,5988
nation,Northern Ireland,N92000002,2020-08-02,0,5948
nation,Northern Ireland,N92000002,2020-08-01,0,5948
nation,Northern Ireland,N92000002,2020-07-31,10,5948
nation,Northern Ireland,N92000002,2020-07-30,8,5938
nation,Northern Ireland,N92000002,2020-07-29,9,5930
nation,Northern Ireland,N92000002,2020-07-28,9,5921
nation,Northern Ireland,N92000002,2020-07-27,0,5912
nation,Northern Ireland,N92000002,2020-07-26,0,5891
nation,Northern Ireland,N92000002,2020-07-25,0,5891
nation,Northern Ireland,N92000002,2020-07-24,15,5891
nation,Northern Ireland,N92000002,2020-07-23,8,5876
nation,Northern Ireland,N92000002,2020-07-22,9,5868
nation,Northern Ireland,N92000002,2020-07-21,2,5859
nation,Northern Ireland,N92000002,2020-07-20,0,5857
nation,Northern Ireland,N92000002,2020-07-19,0,5834
nation,Northern Ireland,N92000002,2020-07-18,0,5834
nation,Northern Ireland,N92000002,2020-07-17,19,5834
nation,Northern Ireland,N92000002,2020-07-16,16,5815
nation,Northern Ireland,N92000002,2020-07-15,9,5799
nation,Northern Ireland,N92000002,2020-07-14,2,5790
nation,Northern Ireland,N92000002,2020-07-13,0,5788
nation,Northern Ireland,N92000002,2020-07-12,0,5772
nation,Northern Ireland,N92000002,2020-07-11,0,5772
nation,Northern Ireland,N92000002,2020-07-10,4,5772
nation,Northern Ireland,N92000002,2020-07-09,3,5768
nation,Northern Ireland,N92000002,2020-07-08,4,5765
nation,Northern Ireland,N92000002,2020-07-07,5,5761
nation,Northern Ireland,N92000002,2020-07-06,0,5756
nation,Northern Ireland,N92000002,2020-07-05,0,5747
nation,Northern Ireland,N92000002,2020-07-04,0,5747
nation,Northern Ireland,N92000002,2020-07-03,4,5747
nation,Northern Ireland,N92000002,2020-07-02,7,5768
nation,Northern Ireland,N92000002,2020-07-01,1,5761
nation,Northern Ireland,N92000002,2020-06-30,3,5760
nation,Northern Ireland,N92000002,2020-06-29,6,5757
nation,Northern Ireland,N92000002,2020-06-28,1,5751
nation,Northern Ireland,N92000002,2020-06-27,2,5750
nation,Northern Ireland,N92000002,2020-06-26,4,5748
nation,Northern Ireland,N92000002,2020-06-25,1,4874
nation,Northern Ireland,N92000002,2020-06-24,2,4873
nation,Northern Ireland,N92000002,2020-06-23,0,4871
nation,Northern Ireland,N92000002,2020-06-22,1,4871
nation,Northern Ireland,N92000002,2020-06-21,4,4870
nation,Northern Ireland,N92000002,2020-06-20,0,4866
nation,Northern Ireland,N92000002,2020-06-19,3,4866
nation,Northern Ireland,N92000002,2020-06-18,1,4863
nation,Northern Ireland,N92000002,2020-06-17,8,4862
nation,Northern Ireland,N92000002,2020-06-16,2,4854
nation,Northern Ireland,N92000002,2020-06-15,4,4852
nation,Northern Ireland,N92000002,2020-06-14,7,4848
nation,Northern Ireland,N92000002,2020-06-13,3,4841
nation,Northern Ireland,N92000002,2020-06-12,16,4838
nation,Northern Ireland,N92000002,2020-06-11,4,4822
nation,Northern Ireland,N92000002,2020-06-10,13,4818
nation,Northern Ireland,N92000002,2020-06-09,3,4805
nation,Northern Ireland,N92000002,2020-06-08,6,4802
nation,Northern Ireland,N92000002,2020-06-07,6,4796
nation,Northern Ireland,N92000002,2020-06-06,14,4790
nation,Northern Ireland,N92000002,2020-06-05,3,4776
nation,Northern Ireland,N92000002,2020-06-04,33,4773
nation,Northern Ireland,N92000002,2020-06-03,8,4740
nation,Northern Ireland,N92000002,2020-06-02,4,4732
nation,Northern Ireland,N92000002,2020-06-01,12,4728
nation,Northern Ireland,N92000002,2020-05-31,7,4716
nation,Northern Ireland,N92000002,2020-05-30,13,4709
nation,Northern Ireland,N92000002,2020-05-29,17,4696
nation,Northern Ireland,N92000002,2020-05-28,16,4679
nation,Northern Ireland,N92000002,2020-05-27,26,4663
nation,Northern Ireland,N92000002,2020-05-26,28,4637
nation,Northern Ireland,N92000002,2020-05-25,39,4609
nation,Northern Ireland,N92000002,2020-05-24,25,4570
nation,Northern Ireland,N92000002,2020-05-23,41,4545
nation,Northern Ireland,N92000002,2020-05-22,23,4504
nation,Northern Ireland,N92000002,2020-05-21,42,4481
nation,Northern Ireland,N92000002,2020-05-20,18,4439
nation,Northern Ireland,N92000002,2020-05-19,20,4421
nation,Northern Ireland,N92000002,2020-05-18,16,4401
nation,Northern Ireland,N92000002,2020-05-17,28,4385
nation,Northern Ireland,N92000002,2020-05-16,40,4357
nation,Northern Ireland,N92000002,2020-05-15,26,4317
nation,Northern Ireland,N92000002,2020-05-14,38,4291
nation,Northern Ireland,N92000002,2020-05-13,60,4253
nation,Northern Ireland,N92000002,2020-05-12,44,4193
nation,Northern Ireland,N92000002,2020-05-11,30,4149
nation,Northern Ireland,N92000002,2020-05-10,41,4119
nation,Northern Ireland,N92000002,2020-05-09,56,4078
nation,Northern Ireland,N92000002,2020-05-08,38,4022
nation,Northern Ireland,N92000002,2020-05-07,50,3984
nation,Northern Ireland,N92000002,2020-05-06,53,3934
nation,Northern Ireland,N92000002,2020-05-05,45,3881
nation,Northern Ireland,N92000002,2020-05-04,69,3836
nation,Northern Ireland,N92000002,2020-05-03,78,3767
nation,Northern Ireland,N92000002,2020-05-02,66,3689
nation,Northern Ireland,N92000002,2020-05-01,87,3623
nation,Northern Ireland,N92000002,2020-04-30,73,3536
nation,Northern Ireland,N92000002,2020-04-29,55,3463
nation,Northern Ireland,N92000002,2020-04-28,34,3408
nation,Northern Ireland,N92000002,2020-04-27,66,3374
nation,Northern Ireland,N92000002,2020-04-26,82,3308
nation,Northern Ireland,N92000002,2020-04-25,104,3226
nation,Northern Ireland,N92000002,2020-04-24,106,3122
nation,Northern Ireland,N92000002,2020-04-23,142,3016
nation,Northern Ireland,N92000002,2020-04-22,116,2874
nation,Northern Ireland,N92000002,2020-04-21,30,2758
nation,Northern Ireland,N92000002,2020-04-20,83,2728
nation,Northern Ireland,N92000002,2020-04-19,159,2645
nation,Northern Ireland,N92000002,2020-04-18,148,2486
nation,Northern Ireland,N92000002,2020-04-17,137,2338
nation,Northern Ireland,N92000002,2020-04-16,113,2201
nation,Northern Ireland,N92000002,2020-04-15,121,2088
nation,Northern Ireland,N92000002,2020-04-14,85,1967
nation,Northern Ireland,N92000002,2020-04-13,76,1882
nation,Northern Ireland,N92000002,2020-04-12,89,1806
nation,Northern Ireland,N92000002,2020-04-11,128,1717
nation,Northern Ireland,N92000002,2020-04-10,112,1589
nation,Northern Ireland,N92000002,2020-04-09,138,1477
nation,Northern Ireland,N92000002,2020-04-08,84,1339
nation,Northern Ireland,N92000002,2020-04-07,97,1255
nation,Northern Ireland,N92000002,2020-04-06,69,1158
nation,Northern Ireland,N92000002,2020-04-05,91,1089
nation,Northern Ireland,N92000002,2020-04-04,94,998
nation,Northern Ireland,N92000002,2020-04-03,130,904
nation,Northern Ireland,N92000002,2020-04-02,85,774
nation,Northern Ireland,N92000002,2020-04-01,103,689
nation,Northern Ireland,N92000002,2020-03-31,53,586
nation,Northern Ireland,N92000002,2020-03-30,123,533
nation,Northern Ireland,N92000002,2020-03-29,86,410
nation,Northern Ireland,N92000002,2020-03-28,49,324
nation,Northern Ireland,N92000002,2020-03-27,34,275
nation,Northern Ireland,N92000002,2020-03-26,32,241
nation,Northern Ireland,N92000002,2020-03-25,37,209
nation,Northern Ireland,N92000002,2020-03-24,24,172
nation,Northern Ireland,N92000002,2020-03-23,20,148
nation,Northern Ireland,N92000002,2020-03-22,20,128
nation,Northern Ireland,N92000002,2020-03-21,22,108
nation,Northern Ireland,N92000002,2020-03-20,9,86
nation,Northern Ireland,N92000002,2020-03-19,9,77
nation,Northern Ireland,N92000002,2020-03-18,6,68
nation,Northern Ireland,N92000002,2020-03-17,10,62
nation,Northern Ireland,N92000002,2020-03-16,7,52
nation,Northern Ireland,N92000002,2020-03-15,11,45
nation,Northern Ireland,N92000002,2020-03-14,5,34
nation,Northern Ireland,N92000002,2020-03-13,10,29
nation,Northern Ireland,N92000002,2020-03-12,1,19
nation,Northern Ireland,N92000002,2020-03-11,2,18
nation,Northern Ireland,N92000002,2020-03-10,0,16
nation,Northern Ireland,N92000002,2020-03-09,3,12
nation,Northern Ireland,N92000002,2020-03-08,5,9
nation,Northern Ireland,N92000002,2020-03-07,2,4
nation,Northern Ireland,N92000002,2020-03-06,2,2
nation,Northern Ireland,N92000002,2020-03-05,0,
nation,Northern Ireland,N92000002,2020-03-04,0,
nation,Northern Ireland,N92000002,2020-03-03,0,
nation,Northern Ireland,N92000002,2020-03-02,0,
nation,Northern Ireland,N92000002,2020-03-01,0,
nation,Northern Ireland,N92000002,2020-02-29,0,
nation,Northern Ireland,N92000002,2020-02-28,0,
nation,Northern Ireland,N92000002,2020-02-27,0,
nation,Northern Ireland,N92000002,2020-02-26,0,
nation,Northern Ireland,N92000002,2020-02-25,0,
nation,Northern Ireland,N92000002,2020-02-24,0,
nation,Northern Ireland,N92000002,2020-02-23,0,
nation,Northern Ireland,N92000002,2020-02-22,0,
nation,Northern Ireland,N92000002,2020-02-21,0,
nation,Northern Ireland,N92000002,2020-02-20,0,
nation,Northern Ireland,N92000002,2020-02-19,0,
nation,Northern Ireland,N92000002,2020-02-18,0,
nation,Northern Ireland,N92000002,2020-02-17,0,
nation,Northern Ireland,N92000002,2020-02-16,0,
nation,Northern Ireland,N92000002,2020-02-15,0,
nation,Northern Ireland,N92000002,2020-02-14,0,
nation,Northern Ireland,N92000002,2020-02-13,0,
nation,Northern Ireland,N92000002,2020-02-12,0,
nation,Northern Ireland,N92000002,2020-02-11,0,
nation,Northern Ireland,N92000002,2020-02-10,0,
nation,Northern Ireland,N92000002,2020-02-09,0,
nation,Northern Ireland,N92000002,2020-02-08,0,
nation,Northern Ireland,N92000002,2020-02-07,0,
nation,Northern Ireland,N92000002,2020-02-06,0,
nation,Northern Ireland,N92000002,2020-02-05,0,
nation,Northern Ireland,N92000002,2020-02-04,0,
nation,Northern Ireland,N92000002,2020-02-03,0,
nation,Northern Ireland,N92000002,2020-02-02,0,
nation,Northern Ireland,N92000002,2020-02-01,0,
nation,Northern Ireland,N92000002,2020-01-31,0,
nation,Northern Ireland,N92000002,2020-01-30,0,
nation,Northern Ireland,N92000002,2020-01-29,0,
nation,Northern Ireland,N92000002,2020-01-28,0,
nation,Northern Ireland,N92000002,2020-01-27,0,
nation,Northern Ireland,N92000002,2020-01-26,0,
nation,Northern Ireland,N92000002,2020-01-25,0,
nation,Northern Ireland,N92000002,2020-01-24,0,
nation,Northern Ireland,N92000002,2020-01-23,0,
nation,Northern Ireland,N92000002,2020-01-22,0,
nation,Northern Ireland,N92000002,2020-01-21,0,
nation,Northern Ireland,N92000002,2020-01-20,0,
nation,Northern Ireland,N92000002,2020-01-19,0,
nation,Northern Ireland,N92000002,2020-01-18,0,
nation,Northern Ireland,N92000002,2020-01-17,0,
nation,Northern Ireland,N92000002,2020-01-16,0,
nation,Northern Ireland,N92000002,2020-01-15,0,
nation,Northern Ireland,N92000002,2020-01-14,0,
nation,Northern Ireland,N92000002,2020-01-13,0,
nation,Northern Ireland,N92000002,2020-01-12,0,
nation,Northern Ireland,N92000002,2020-01-11,0,
nation,Northern Ireland,N92000002,2020-01-10,0,
nation,Northern Ireland,N92000002,2020-01-09,0,
nation,Northern Ireland,N92000002,2020-01-08,0,
nation,Northern Ireland,N92000002,2020-01-07,0,
nation,Northern Ireland,N92000002,2020-01-06,0,
nation,Scotland,S92000003,2020-08-08,60,18950
nation,Scotland,S92000003,2020-08-07,43,18890
nation,Scotland,S92000003,2020-08-06,66,18847
nation,Scotland,S92000003,2020-08-05,64,18781
nation,Scotland,S92000003,2020-08-04,23,18717
nation,Scotland,S92000003,2020-08-03,18,18694
nation,Scotland,S92000003,2020-08-02,31,18676
nation,Scotland,S92000003,2020-08-01,18,18645
nation,Scotland,S92000003,2020-07-31,30,18627
nation,Scotland,S92000003,2020-07-30,17,18597
nation,Scotland,S92000003,2020-07-29,22,18580
nation,Scotland,S92000003,2020-07-28,4,18558
nation,Scotland,S92000003,2020-07-27,3,18554
nation,Scotland,S92000003,2020-07-26,4,18551
nation,Scotland,S92000003,2020-07-25,27,18547
nation,Scotland,S92000003,2020-07-24,20,18520
nation,Scotland,S92000003,2020-07-23,16,18500
nation,Scotland,S92000003,2020-07-22,10,18484
nation,Scotland,S92000003,2020-07-21,22,18474
nation,Scotland,S92000003,2020-07-20,7,18452
nation,Scotland,S92000003,2020-07-19,23,18445
nation,Scotland,S92000003,2020-07-18,21,18422
nation,Scotland,S92000003,2020-07-17,17,18401
nation,Scotland,S92000003,2020-07-16,11,18384
nation,Scotland,S92000003,2020-07-15,5,18373
nation,Scotland,S92000003,2020-07-14,3,18368
nation,Scotland,S92000003,2020-07-13,6,18365
nation,Scotland,S92000003,2020-07-12,19,18359
nation,Scotland,S92000003,2020-07-11,7,18340
nation,Scotland,S92000003,2020-07-10,18,18333
nation,Scotland,S92000003,2020-07-09,6,18315
nation,Scotland,S92000003,2020-07-08,7,18309
nation,Scotland,S92000003,2020-07-07,2,18302
nation,Scotland,S92000003,2020-07-06,4,18300
nation,Scotland,S92000003,2020-07-05,9,18296
nation,Scotland,S92000003,2020-07-04,11,18287
nation,Scotland,S92000003,2020-07-03,12,18276
nation,Scotland,S92000003,2020-07-02,5,18264
nation,Scotland,S92000003,2020-07-01,8,18259
nation,Scotland,S92000003,2020-06-30,10,18251
nation,Scotland,S92000003,2020-06-29,5,18241
nation,Scotland,S92000003,2020-06-28,8,18236
nation,Scotland,S92000003,2020-06-27,15,18228
nation,Scotland,S92000003,2020-06-26,17,18213
nation,Scotland,S92000003,2020-06-25,5,18196
nation,Scotland,S92000003,2020-06-24,9,18191
nation,Scotland,S92000003,2020-06-23,12,18182
nation,Scotland,S92000003,2020-06-22,14,18170
nation,Scotland,S92000003,2020-06-21,26,18156
nation,Scotland,S92000003,2020-06-20,26,18130
nation,Scotland,S92000003,2020-06-19,27,18104
nation,Scotland,S92000003,2020-06-18,11,18077
nation,Scotland,S92000003,2020-06-17,21,18066
nation,Scotland,S92000003,2020-06-16,15,18045
nation,Scotland,S92000003,2020-06-15,29,18030
nation,Scotland,S92000003,2020-06-14,25,15755
nation,Scotland,S92000003,2020-06-13,21,15730
nation,Scotland,S92000003,2020-06-12,27,15709
nation,Scotland,S92000003,2020-06-11,17,15682
nation,Scotland,S92000003,2020-06-10,12,15665
nation,Scotland,S92000003,2020-06-09,14,15653
nation,Scotland,S92000003,2020-06-08,18,15639
nation,Scotland,S92000003,2020-06-07,18,15621
nation,Scotland,S92000003,2020-06-06,21,15603
nation,Scotland,S92000003,2020-06-05,29,15582
nation,Scotland,S92000003,2020-06-04,49,15553
nation,Scotland,S92000003,2020-06-03,33,15504
nation,Scotland,S92000003,2020-06-02,53,15471
nation,Scotland,S92000003,2020-06-01,18,15418
nation,Scotland,S92000003,2020-05-31,18,15400
nation,Scotland,S92000003,2020-05-30,55,15382
nation,Scotland,S92000003,2020-05-29,39,15327
nation,Scotland,S92000003,2020-05-28,48,15288
nation,Scotland,S92000003,2020-05-27,55,15240
nation,Scotland,S92000003,2020-05-26,29,15185
nation,Scotland,S92000003,2020-05-25,55,15156
nation,Scotland,S92000003,2020-05-24,60,15101
nation,Scotland,S92000003,2020-05-23,72,15041
nation,Scotland,S92000003,2020-05-22,113,14969
nation,Scotland,S92000003,2020-05-21,105,14856
nation,Scotland,S92000003,2020-05-20,96,14751
nation,Scotland,S92000003,2020-05-19,61,14655
nation,Scotland,S92000003,2020-05-18,57,14594
nation,Scotland,S92000003,2020-05-17,90,14537
nation,Scotland,S92000003,2020-05-16,187,14447
nation,Scotland,S92000003,2020-05-15,143,14260
nation,Scotland,S92000003,2020-05-14,188,14117
nation,Scotland,S92000003,2020-05-13,166,13929
nation,Scotland,S92000003,2020-05-12,136,13763
nation,Scotland,S92000003,2020-05-11,141,13627
nation,Scotland,S92000003,2020-05-10,181,13486
nation,Scotland,S92000003,2020-05-09,156,13305
nation,Scotland,S92000003,2020-05-08,225,13149
nation,Scotland,S92000003,2020-05-07,215,12924
nation,Scotland,S92000003,2020-05-06,272,12709
nation,Scotland,S92000003,2020-05-05,171,12437
nation,Scotland,S92000003,2020-05-04,169,12266
nation,Scotland,S92000003,2020-05-03,170,12097
nation,Scotland,S92000003,2020-05-02,273,11927
nation,Scotland,S92000003,2020-05-01,301,11654
nation,Scotland,S92000003,2020-04-30,319,11353
nation,Scotland,S92000003,2020-04-29,313,11034
nation,Scotland,S92000003,2020-04-28,200,10721
nation,Scotland,S92000003,2020-04-27,197,10521
nation,Scotland,S92000003,2020-04-26,273,10324
nation,Scotland,S92000003,2020-04-25,354,10051
nation,Scotland,S92000003,2020-04-24,288,9697
nation,Scotland,S92000003,2020-04-23,371,9409
nation,Scotland,S92000003,2020-04-22,366,9038
nation,Scotland,S92000003,2020-04-21,222,8672
nation,Scotland,S92000003,2020-04-20,263,8450
nation,Scotland,S92000003,2020-04-19,367,8187
nation,Scotland,S92000003,2020-04-18,411,7820
nation,Scotland,S92000003,2020-04-17,307,7409
nation,Scotland,S92000003,2020-04-16,354,7102
nation,Scotland,S92000003,2020-04-15,390,6748
nation,Scotland,S92000003,2020-04-14,291,6358
nation,Scotland,S92000003,2020-04-13,155,6067
nation,Scotland,S92000003,2020-04-12,322,5912
nation,Scotland,S92000003,2020-04-11,315,5590
nation,Scotland,S92000003,2020-04-10,318,5275
nation,Scotland,S92000003,2020-04-09,392,4957
nation,Scotland,S92000003,2020-04-08,336,4565
nation,Scotland,S92000003,2020-04-07,268,4229
nation,Scotland,S92000003,2020-04-06,255,3961
nation,Scotland,S92000003,2020-04-05,361,3706
nation,Scotland,S92000003,2020-04-04,344,3345
nation,Scotland,S92000003,2020-04-03,399,3001
nation,Scotland,S92000003,2020-04-02,292,2602
nation,Scotland,S92000003,2020-04-01,317,2310
nation,Scotland,S92000003,2020-03-31,430,1993
nation,Scotland,S92000003,2020-03-30,179,1563
nation,Scotland,S92000003,2020-03-29,139,1384
nation,Scotland,S92000003,2020-03-28,186,1245
nation,Scotland,S92000003,2020-03-27,165,1059
nation,Scotland,S92000003,2020-03-26,175,894
nation,Scotland,S92000003,2020-03-25,135,719
nation,Scotland,S92000003,2020-03-24,85,584
nation,Scotland,S92000003,2020-03-23,83,499
nation,Scotland,S92000003,2020-03-22,43,416
nation,Scotland,S92000003,2020-03-21,51,373
nation,Scotland,S92000003,2020-03-20,56,322
nation,Scotland,S92000003,2020-03-19,39,266
nation,Scotland,S92000003,2020-03-18,32,227
nation,Scotland,S92000003,2020-03-17,24,195
nation,Scotland,S92000003,2020-03-16,18,171
nation,Scotland,S92000003,2020-03-15,32,153
nation,Scotland,S92000003,2020-03-14,36,121
nation,Scotland,S92000003,2020-03-13,25,85
nation,Scotland,S92000003,2020-03-12,24,60
nation,Scotland,S92000003,2020-03-11,9,36
nation,Scotland,S92000003,2020-03-10,4,27
nation,Scotland,S92000003,2020-03-09,5,23
nation,Scotland,S92000003,2020-03-08,2,18
nation,Scotland,S92000003,2020-03-07,5,16
nation,Scotland,S92000003,2020-03-06,5,11
nation,Scotland,S92000003,2020-03-05,3,6
nation,Scotland,S92000003,2020-03-04,2,3
nation,Scotland,S92000003,2020-03-03,0,1
nation,Scotland,S92000003,2020-03-02,1,1
nation,Scotland,S92000003,2020-03-01,0,
nation,Scotland,S92000003,2020-02-29,0,
nation,Scotland,S92000003,2020-02-28,0,
nation,Scotland,S92000003,2020-02-27,0,
nation,Scotland,S92000003,2020-02-26,0,
nation,Scotland,S92000003,2020-02-25,0,
nation,Scotland,S92000003,2020-02-24,0,
nation,Scotland,S92000003,2020-02-23,0,
nation,Scotland,S92000003,2020-02-22,0,
nation,Scotland,S92000003,2020-02-21,0,
nation,Scotland,S92000003,2020-02-20,0,
nation,Scotland,S92000003,2020-02-19,0,
nation,Scotland,S92000003,2020-02-18,0,
nation,Scotland,S92000003,2020-02-17,0,
nation,Scotland,S92000003,2020-02-16,0,
nation,Scotland,S92000003,2020-02-15,0,
nation,Scotland,S92000003,2020-02-14,0,
nation,Scotland,S92000003,2020-02-13,0,
nation,Scotland,S92000003,2020-02-12,0,
nation,Scotland,S92000003,2020-02-11,0,
nation,Scotland,S92000003,2020-02-10,0,
nation,Scotland,S92000003,2020-02-09,0,
nation,Scotland,S92000003,2020-02-08,0,
nation,Scotland,S92000003,2020-02-07,0,
nation,Scotland,S92000003,2020-02-06,0,
nation,Scotland,S92000003,2020-02-05,0,
nation,Scotland,S92000003,2020-02-04,0,
nation,Scotland,S92000003,2020-02-03,0,
nation,Scotland,S92000003,2020-02-02,0,
nation,Scotland,S92000003,2020-02-01,0,
nation,Scotland,S92000003,2020-01-31,0,
nation,Scotland,S92000003,2020-01-30,0,
nation,Scotland,S92000003,2020-01-29,0,
nation,Scotland,S92000003,2020-01-28,0,
nation,Scotland,S92000003,2020-01-27,0,
nation,Scotland,S92000003,2020-01-26,0,
nation,Scotland,S92000003,2020-01-25,0,
nation,Scotland,S92000003,2020-01-24,0,
nation,Scotland,S92000003,2020-01-23,0,
nation,Scotland,S92000003,2020-01-22,0,
nation,Scotland,S92000003,2020-01-21,0,
nation,Scotland,S92000003,2020-01-20,0,
nation,Scotland,S92000003,2020-01-19,0,
nation,Scotland,S92000003,2020-01-18,0,
nation,Scotland,S92000003,2020-01-17,0,
nation,Scotland,S92000003,2020-01-16,0,
nation,Scotland,S92000003,2020-01-15,0,
nation,Scotland,S92000003,2020-01-14,0,
nation,Scotland,S92000003,2020-01-13,0,
nation,Scotland,S92000003,2020-01-12,0,
nation,Scotland,S92000003,2020-01-11,0,
nation,Scotland,S92000003,2020-01-10,0,
nation,Scotland,S92000003,2020-01-09,0,
nation,Scotland,S92000003,2020-01-08,0,
nation,Scotland,S92000003,2020-01-07,0,
nation,Scotland,S92000003,2020-01-06,0,
nation,Wales,W92000004,2020-08-08,19,17425
nation,Wales,W92000004,2020-08-07,17,17406
nation,Wales,W92000004,2020-08-06,15,17389
nation,Wales,W92000004,2020-08-05,14,17374
nation,Wales,W92000004,2020-08-04,22,17361
nation,Wales,W92000004,2020-08-03,24,17339
nation,Wales,W92000004,2020-08-02,37,17315
nation,Wales,W92000004,2020-08-01,21,17279
nation,Wales,W92000004,2020-07-31,26,17258
nation,Wales,W92000004,2020-07-30,9,17232
nation,Wales,W92000004,2020-07-29,32,17223
nation,Wales,W92000004,2020-07-28,21,17191
nation,Wales,W92000004,2020-07-27,45,17170
nation,Wales,W92000004,2020-07-26,22,17125
nation,Wales,W92000004,2020-07-25,30,17105
nation,Wales,W92000004,2020-07-24,45,17075
nation,Wales,W92000004,2020-07-23,43,17030
nation,Wales,W92000004,2020-07-22,22,16987
nation,Wales,W92000004,2020-07-21,22,16965
nation,Wales,W92000004,2020-07-20,15,16943
nation,Wales,W92000004,2020-07-19,0,16928
nation,Wales,W92000004,2020-07-18,10,16897
nation,Wales,W92000004,2020-07-17,16,16887
nation,Wales,W92000004,2020-07-16,18,16871
nation,Wales,W92000004,2020-07-15,18,16854
nation,Wales,W92000004,2020-07-14,21,16836
nation,Wales,W92000004,2020-07-13,11,15973
nation,Wales,W92000004,2020-07-12,16,15962
nation,Wales,W92000004,2020-07-11,7,15946
nation,Wales,W92000004,2020-07-10,10,15939
nation,Wales,W92000004,2020-07-09,16,15929
nation,Wales,W92000004,2020-07-08,13,15913
nation,Wales,W92000004,2020-07-07,2,15900
nation,Wales,W92000004,2020-07-06,8,15898
nation,Wales,W92000004,2020-07-05,15,15890
nation,Wales,W92000004,2020-07-04,34,15875
nation,Wales,W92000004,2020-07-03,26,15841
nation,Wales,W92000004,2020-07-02,41,15815
nation,Wales,W92000004,2020-07-01,32,15775
nation,Wales,W92000004,2020-06-30,26,15743
nation,Wales,W92000004,2020-06-29,116,15717
nation,Wales,W92000004,2020-06-28,25,15602
nation,Wales,W92000004,2020-06-27,46,15577
nation,Wales,W92000004,2020-06-26,65,15531
nation,Wales,W92000004,2020-06-25,125,15466
nation,Wales,W92000004,2020-06-24,47,15341
nation,Wales,W92000004,2020-06-23,51,15295
nation,Wales,W92000004,2020-06-22,71,15197
nation,Wales,W92000004,2020-06-21,100,15126
nation,Wales,W92000004,2020-06-20,25,15026
nation,Wales,W92000004,2020-06-19,31,15001
nation,Wales,W92000004,2020-06-18,48,14970
nation,Wales,W92000004,2020-06-17,53,14922
nation,Wales,W92000004,2020-06-16,65,14869
nation,Wales,W92000004,2020-06-15,62,14804
nation,Wales,W92000004,2020-06-14,39,14742
nation,Wales,W92000004,2020-06-13,45,14703
nation,Wales,W92000004,2020-06-12,77,14658
nation,Wales,W92000004,2020-06-11,63,14581
nation,Wales,W92000004,2020-06-10,38,14518
nation,Wales,W92000004,2020-06-09,42,14480
nation,Wales,W92000004,2020-06-08,42,14438
nation,Wales,W92000004,2020-06-07,40,14396
nation,Wales,W92000004,2020-06-06,42,14356
nation,Wales,W92000004,2020-06-05,76,14314
nation,Wales,W92000004,2020-06-04,35,14238
nation,Wales,W92000004,2020-06-03,82,14203
nation,Wales,W92000004,2020-06-02,67,14121
nation,Wales,W92000004,2020-06-01,59,14054
nation,Wales,W92000004,2020-05-31,82,13995
nation,Wales,W92000004,2020-05-30,86,13913
nation,Wales,W92000004,2020-05-29,102,13827
nation,Wales,W92000004,2020-05-28,72,13725
nation,Wales,W92000004,2020-05-27,97,13653
nation,Wales,W92000004,2020-05-26,141,13556
nation,Wales,W92000004,2020-05-25,106,13415
nation,Wales,W92000004,2020-05-24,140,13309
nation,Wales,W92000004,2020-05-23,185,13169
nation,Wales,W92000004,2020-05-22,138,12984
nation,Wales,W92000004,2020-05-21,166,12846
nation,Wales,W92000004,2020-05-20,110,12680
nation,Wales,W92000004,2020-05-19,166,12570
nation,Wales,W92000004,2020-05-18,101,12404
nation,Wales,W92000004,2020-05-17,162,12304
nation,Wales,W92000004,2020-05-16,183,12142
nation,Wales,W92000004,2020-05-15,126,11960
nation,Wales,W92000004,2020-05-14,128,11834
nation,Wales,W92000004,2020-05-13,133,11706
nation,Wales,W92000004,2020-05-12,105,11573
nation,Wales,W92000004,2020-05-11,124,11468
nation,Wales,W92000004,2020-05-10,223,11344
nation,Wales,W92000004,2020-05-09,118,11121
nation,Wales,W92000004,2020-05-08,152,11003
nation,Wales,W92000004,2020-05-07,87,10851
nation,Wales,W92000004,2020-05-06,95,10764
nation,Wales,W92000004,2020-05-05,145,10669
nation,Wales,W92000004,2020-05-04,195,10524
nation,Wales,W92000004,2020-05-03,174,10329
nation,Wales,W92000004,2020-05-02,183,10155
nation,Wales,W92000004,2020-05-01,160,9972
nation,Wales,W92000004,2020-04-30,183,9812
nation,Wales,W92000004,2020-04-29,117,9629
nation,Wales,W92000004,2020-04-28,232,9512
nation,Wales,W92000004,2020-04-27,203,9280
nation,Wales,W92000004,2020-04-26,178,9078
nation,Wales,W92000004,2020-04-25,299,8900
nation,Wales,W92000004,2020-04-24,243,8601
nation,Wales,W92000004,2020-04-23,234,8358
nation,Wales,W92000004,2020-04-22,274,8124
nation,Wales,W92000004,2020-04-21,304,7850
nation,Wales,W92000004,2020-04-20,276,7546
nation,Wales,W92000004,2020-04-19,334,7270
nation,Wales,W92000004,2020-04-18,292,6936
nation,Wales,W92000004,2020-04-17,244,6645
nation,Wales,W92000004,2020-04-16,284,6401
nation,Wales,W92000004,2020-04-15,272,6118
nation,Wales,W92000004,2020-04-14,238,5848
nation,Wales,W92000004,2020-04-13,313,5610
nation,Wales,W92000004,2020-04-12,367,5297
nation,Wales,W92000004,2020-04-11,340,4930
nation,Wales,W92000004,2020-04-10,502,4591
nation,Wales,W92000004,2020-04-09,16,4089
nation,Wales,W92000004,2020-04-08,283,4073
nation,Wales,W92000004,2020-04-07,291,3790
nation,Wales,W92000004,2020-04-06,302,3499
nation,Wales,W92000004,2020-04-05,344,3197
nation,Wales,W92000004,2020-04-04,387,2853
nation,Wales,W92000004,2020-04-03,345,2466
nation,Wales,W92000004,2020-04-02,284,2121
nation,Wales,W92000004,2020-04-01,274,1837
nation,Wales,W92000004,2020-03-31,112,1563
nation,Wales,W92000004,2020-03-30,210,1451
nation,Wales,W92000004,2020-03-29,148,1241
nation,Wales,W92000004,2020-03-28,172,1093
nation,Wales,W92000004,2020-03-27,180,921
nation,Wales,W92000004,2020-03-26,113,741
nation,Wales,W92000004,2020-03-25,150,628
nation,Wales,W92000004,2020-03-24,60,478
nation,Wales,W92000004,2020-03-23,71,418
nation,Wales,W92000004,2020-03-22,67,347
nation,Wales,W92000004,2020-03-21,89,280
nation,Wales,W92000004,2020-03-20,21,191
nation,Wales,W92000004,2020-03-19,21,170
nation,Wales,W92000004,2020-03-18,13,149
nation,Wales,W92000004,2020-03-17,12,136
nation,Wales,W92000004,2020-03-16,30,124
nation,Wales,W92000004,2020-03-15,34,94
nation,Wales,W92000004,2020-03-14,22,60
nation,Wales,W92000004,2020-03-13,13,38
nation,Wales,W92000004,2020-03-12,10,25
nation,Wales,W92000004,2020-03-11,9,15
nation,Wales,W92000004,2020-03-10,2,6
nation,Wales,W92000004,2020-03-09,2,4
nation,Wales,W92000004,2020-03-08,0,2
nation,Wales,W92000004,2020-03-07,0,2
nation,Wales,W92000004,2020-03-06,0,2
nation,Wales,W92000004,2020-03-05,1,2
nation,Wales,W92000004,2020-03-04,0,1
nation,Wales,W92000004,2020-03-03,0,1
nation,Wales,W92000004,2020-03-02,0,1
nation,Wales,W92000004,2020-03-01,0,1
nation,Wales,W92000004,2020-02-29,0,1
nation,Wales,W92000004,2020-02-28,1,1
nation,Wales,W92000004,2020-02-27,0,
nation,Wales,W92000004,2020-02-26,0,
nation,Wales,W92000004,2020-02-25,0,
nation,Wales,W92000004,2020-02-24,0,
nation,Wales,W92000004,2020-02-23,0,
nation,Wales,W92000004,2020-02-22,0,
nation,Wales,W92000004,2020-02-21,0,
nation,Wales,W92000004,2020-02-20,0,
nation,Wales,W92000004,2020-02-19,0,
nation,Wales,W92000004,2020-02-18,0,
nation,Wales,W92000004,2020-02-17,0,
nation,Wales,W92000004,2020-02-16,0,
nation,Wales,W92000004,2020-02-15,0,
nation,Wales,W92000004,2020-02-14,0,
nation,Wales,W92000004,2020-02-13,0,
nation,Wales,W92000004,2020-02-12,0,
nation,Wales,W92000004,2020-02-11,0,
nation,Wales,W92000004,2020-02-10,0,
nation,Wales,W92000004,2020-02-09,0,
nation,Wales,W92000004,2020-02-08,0,
nation,Wales,W92000004,2020-02-07,0,
nation,Wales,W92000004,2020-02-06,0,
nation,Wales,W92000004,2020-02-05,0,
nation,Wales,W92000004,2020-02-04,0,
nation,Wales,W92000004,2020-02-03,0,
nation,Wales,W92000004,2020-02-02,0,
nation,Wales,W92000004,2020-02-01,0,
nation,Wales,W92000004,2020-01-31,0,
nation,Wales,W92000004,2020-01-30,0,
nation,Wales,W92000004,2020-01-29,0,
nation,Wales,W92000004,2020-01-28,0,
nation,Wales,W92000004,2020-01-27,0,
nation,Wales,W92000004,2020-01-26,0,
nation,Wales,W92000004,2020-01-25,0,
nation,Wales,W92000004,2020-01-24,0,
nation,Wales,W92000004,2020-01-23,0,
nation,Wales,W92000004,2020-01-22,0,
nation,Wales,W92000004,2020-01-21,0,
nation,Wales,W92000004,2020-01-20,0,
nation,Wales,W92000004,2020-01-19,0,
nation,Wales,W92000004,2020-01-18,0,
nation,Wales,W92000004,2020-01-17,0,
nation,Wales,W92000004,2020-01-16,0,
nation,Wales,W92000004,2020-01-15,0,
nation,Wales,W92000004,2020-01-14,0,
nation,Wales,W92000004,2020-01-13,0,
nation,Wales,W92000004,2020-01-12,0,
nation,Wales,W92000004,2020-01-11,0,
nation,Wales,W92000004,2020-01-10,0,
nation,Wales,W92000004,2020-01-09,0,
nation,Wales,W92000004,2020-01-08,0,
nation,Wales,W92000004,2020-01-07,0,
nation,Wales,W92000004,2020-01-06,0,
